{
  "agentproof/witness-node/src/verifier.ts": 1776501908.9054472,
  "agentproof/witness-node/src/signer.ts": 1776502034.6794584,
  "agentproof/witness-node/src/api.ts": 1776502180.8572845,
  "agentproof/witness-node/src/types.ts": 1776501759.4083643,
  "agentproof/witness-node/src/index.ts": 1776502304.087206,
  "agentproof/app/next.config.js": 1776502902.28094,
  "agentproof/app/src/app/layout.tsx": 1776502974.498865,
  "agentproof/app/src/app/page.tsx": 1776503021.611262,
  "agentproof/app/src/app/monitor/page.tsx": 1776503049.199588,
  "agentproof/app/src/app/verify/page.tsx": 1776503100.0593827,
  "agentproof/app/src/app/register/page.tsx": 1776503077.4783316,
  "agentproof/app/src/components/Navigation.tsx": 1776502965.2946093,
  "agentproof/app/src/components/WalletProvider.tsx": 1776502948.8054514,
  "agentproof/app/src/lib/agentproof-sdk.ts": 1776502938.4584334,
  "agentproof/app/src/lib/solana.ts": 1776502922.088316,
  "agentproof/tests/agentproof.ts": 1776501618.8080866,
  "agentproof/programs/agentproof/src/lib.rs": 1776501434.2450395,
  "agentproof/programs/agentproof/src/errors.rs": 1776501446.486043,
  "agentproof/programs/agentproof/src/instructions/submit_proof.rs": 1776501541.6593328,
  "agentproof/programs/agentproof/src/instructions/freeze_agent.rs": 1776501571.0525677,
  "agentproof/programs/agentproof/src/instructions/witness_sign.rs": 1776501558.3005443,
  "agentproof/programs/agentproof/src/instructions/mod.rs": 1776501506.01262,
  "agentproof/programs/agentproof/src/instructions/register_witness.rs": 1776501592.6931863,
  "agentproof/programs/agentproof/src/instructions/initialize_witness_pool.rs": 1776501579.4203234,
  "agentproof/programs/agentproof/src/instructions/register_agent.rs": 1776501521.5027878,
  "agentproof/programs/agentproof/src/state/mod.rs": 1776501452.6175673,
  "agentproof/programs/agentproof/src/state/witness_pool.rs": 1776501497.3449497,
  "agentproof/programs/agentproof/src/state/agent_record.rs": 1776501469.5199835,
  "agentproof/programs/agentproof/src/state/task_proof.rs": 1776501485.244577,
  "agentproof/sdk/src/types.ts": 1776503140.2465558,
  "agentproof/sdk/src/client.ts": 1776503164.9561799,
  "agentproof/sdk/src/index.ts": 1776503179.219895,
  "agentproof/scripts/seed-demo.ts": 1776503241.8658757,
  "agentproof/risk-monitor/main.py": 1776502762.4742079,
  "agentproof/risk-monitor/models/__init__.py": 1776502689.7749507,
  "agentproof/risk-monitor/models/detectors.py": 1776502612.256916,
  "agentproof/risk-monitor/models/risk_model.py": 1776502712.6041453,
  "agentproof/risk-monitor/scripts/simulate_malicious_agent.py": 1776502851.5955453,
  "agentproof/risk-monitor/api/__init__.py": 1776502721.1068382,
  "agentproof/risk-monitor/api/routes.py": 1776502748.386052,
  "01-project-overview.md": 1776499676.235456,
  "02-architecture.md": 1776500979.107758,
  "05-ai-risk-monitor.md": 1776499995.050374,
  "04-witness-node.md": 1776499920.0843813,
  "README.md": 1776499633.6526747,
  "07-sdk.md": 1776500115.386499,
  "06-frontend.md": 1776500071.383583,
  "03-onchain-program.md": 1776499854.3794765,
  "09-demo-scripts.md": 1776500243.3147085,
  "08-deployment.md": 1776500163.1129012,
  "agentproof/README.md": 1776505308.5309265,
  "agentproof/risk-monitor/requirements.txt": 1776502572.6372535
}